{
  "R_LEUTA": 999.91836,
  "R_LEUTA_rev": -1000.0,
  "R_ACGK": 0.044432331,
  "R_ACGS": 0.0,
  "R_ACHBS": 0.050556267,
  "R_ACLS": 0.15419155,
  "R_ACODA": 0.0,
  "R_ACONT": 0.12982657,
  "R_ACOTA_rev": -0.044432331,
  "R_AGPR_rev": -0.044432331,
  "R_AKGDH": 0.0,
  "R_ALATA_L_rev": 999.82231,
  "R_ALKP": 0.48952701,
  "R_ALR2": 0.0,
  "R_ALR3": 0.0,
  "R_ANPRT": 0.012782688,
  "R_ANS": 0.012782688,
  "R_AROH": 0.0,
  "R_ASAD_rev": -0.22354277,
  "R_ASPK": 0.22354277,
  "R_ASPTA_rev": -0.31726045,
  "R_ATPPRT": 0.0206771,
  "R_CHORM": 0.057394271,
  "R_CHORS": 0.070176959,
  "R_CS": 0.12982657,
  "R_CYSS": 0.0088700103,
  "R_CYSTGL": 0.0,
  "R_CYSTS": 0.0,
  "R_DAPDC": 0.038234931,
  "R_DAPE": 0.038234931,
  "R_DDPA": 0.070176959,
  "R_DHAD1": 0.15419155,
  "R_DHAD2": 0.050556267,
  "R_DHAPT": 0.48952701,
  "R_DHDPRy": 0.038234931,
  "R_DHDPS": 0.038234931,
  "R_DHQS": 0.070176959,
  "R_DHQTi": 0.070176959,
  "R_ENO": 1.0769679,
  "R_FBA_rev": -0.0,
  "R_FBP": 0.0,
  "R_FRD": 0.0,
  "R_G5SADs": 0.044432331,
  "R_G5SD": 0.0,
  "R_G5SD2": 0.0,
  "R_G6PDH2r": 0.0,
  "R_GAPD": 1.156394,
  "R_GAPD_1": 0.0,
  "R_GDH1_rev": -2.3396081,
  "R_GLNS": 0.065539929,
  "R_GLU5K": 0.0,
  "R_GLUDy_rev": 1.3869055,
  "R_GND": 0.0,
  "R_HEX1": 0.0,
  "R_HEX7": 1.247248,
  "R_HISTD": 0.0206771,
  "R_HISTP": 0.0206771,
  "R_HSDy_rev": -0.18530784,
  "R_HSK": 0.18530784,
  "R_HSST": 0.0,
  "R_HSTPT": 0.0206771,
  "R_ICDHyr": 0.12982657,
  "R_IG3PS": 0.0206771,
  "R_IGPDH": 0.0206771,
  "R_IGPS": 0.012782688,
  "R_ILETA_rev": -0.050556267,
  "R_IPMD": 0.081635831,
  "R_IPPMIa_rev": -0.081635831,
  "R_IPPMIb_rev": -0.081635831,
  "R_IPPS": 0.081635831,
  "R_KARA1_rev": -0.15419155,
  "R_KARA2": 0.050556267,
  "R_LASP2OA_rev": 0.0,
  "R_LCADi": 0.0,
  "R_LCARS_rev": 0.0,
  "R_LDH_L": 0.0,
  "R_MGSA": 0.0,
  "R_OMCDC": 0.081635831,
  "R_ORNTA_rev": 0.044432331,
  "R_ORNTAC": 0.044432331,
  "R_OXGDC": 0.0,
  "R_P5CR": 0.0,
  "R_P5CRx": 0.044432331,
  "R_PDH": 0.0,
  "R_PFL": 0.0,
  "R_PGCD": 0.079426043,
  "R_PGI_rev": -0.0,
  "R_PGK_rev": -1.156394,
  "R_PGL": 0.0,
  "R_PGM_rev": -1.0769679,
  "R_PHETA1_rev": -0.032163889,
  "R_PKETF": 1.8023238,
  "R_PKETX": 0.0,
  "R_PPC": 0.44708702,
  "R_PPND": 0.025230382,
  "R_PPNDH": 0.032163889,
  "R_PRAIi": 0.012782688,
  "R_PRAMPC": 0.0206771,
  "R_PRATPP": 0.0206771,
  "R_PRMICI": 0.0206771,
  "R_PRPPS": 0.033459789,
  "R_PSCVT": 0.070176959,
  "R_PSERT": 0.079426043,
  "R_PSP_L": 0.079426043,
  "R_PTAr_rev": -0.22033241,
  "R_PYK": 0.0,
  "R_RPE_rev": 0.55507576,
  "R_RPI_rev": 0.55507576,
  "R_SDPDS": 0.038234931,
  "R_SDPTA_rev": -0.038234931,
  "R_SERAT": 0.0088700103,
  "R_SHK3Dr": 0.070176959,
  "R_SHKK": 0.070176959,
  "R_SHSL1": 0.0,
  "R_SHSL2r": 0.0,
  "R_SHSL4r": 0.0,
  "R_SSCOARy_rev": 0.0,
  "R_SUCD1_rev": 0.0,
  "R_SUCOAS": 0.038234931,
  "R_TALA_rev": -0.58853554,
  "R_THDPS": 0.038234931,
  "R_THRA": 0.075830728,
  "R_THRD_L": 0.050556267,
  "R_THRS": 0.18530784,
  "R_TKT1_rev": -0.58853554,
  "R_TKT2_rev": 1.1436113,
  "R_TPI_rev": 0.0,
  "R_TRPS1": 0.0,
  "R_TRPS2": 0.012782688,
  "R_TRPS3": 0.012782688,
  "R_TYRTA_rev": -0.025230382,
  "R_TYRTAi": 0.0,
  "R_VALTA_rev": -1000.0,
  "R_VPAMTr_rev": -999.92744,
  "R_XYLI2": 1.247248,
  "R_ASNS2": 0.032313755,
  "R_output_BIOMASS": 0.86391139,
  "R_output_4-methyl-2-oxopentanoate": 0.0,
  "R_output_N-acetyl-L-glutamyl5-phosphate": 0.0,
  "R_output_(2S)-2-acetolactate": 0.0,
  "R_output_(S)-propane-1,2-diol": 0.0,
  "R_output_AMP": 0.0,
  "R_output_4-phospho-L-aspartate": 0.0,
  "R_output_(S)-3-methyl-2-oxopentanoate": 0.0,
  "R_output_(2R)-3-phospho-glyceroylphosphate": 0.0,
  "R_output_(2S)-2-isopropylmalate": 0.0,
  "R_output_succinatesemialdehyde": 0.0,
  "R_output_3-phenylpyruvate": 0.0,
  "R_output_acetylphosphate": 1.5819914,
  "R_output_(S)-2-succinylamino-6-oxoheptanedioate": 0.0,
  "R_input_AMP": 0.065773544,
  "R_input_ADP": 0.71808883,
  "R_input_ATP": -0.80453947,
  "R_input_NAD(+)": 1.0,
  "R_input_NADH": -1.0,
  "R_input_NADP(+)": -0.75028945,
  "R_input_NADPH": 0.75028945,
  "R_input_FAD": -0.0,
  "R_input_FADH2": -0.0,
  "R_input_CoA": 0.0,
  "R_input_H2O": 2.6640621,
  "R_input_NH4(+)": -1.0,
  "R_input_H(+)": -0.6994261,
  "R_input_hydrogensulfide": -0.0088700103,
  "R_input_phosphate": -0.86390257,
  "R_input_CO2": 0.077535086,
  "R_input_D-glucose": -1.247248
}