{
  "R_A6PAG": -0.0,
  "R_ADK4": 1.1556478,
  "R_ALAD_L2": 1.1556478,
  "R_ALKP": 0.0,
  "R_ANPRT": 0.23012577,
  "R_ANS2": 0.23012577,
  "R_ANSN": 0.0,
  "R_ANTDR": 2.9255221,
  "R_ATPHs": 0.0,
  "R_CD6P": 1.0,
  "R_CDPMEK": 0.0,
  "R_CHORS": 0.23012577,
  "R_CMPDAi": 0.0,
  "R_CT6PT": 0.0,
  "R_CYTD": 0.0,
  "R_CYTDH": 1.0,
  "R_CYTK1_rev": -1.0,
  "R_CYTK11_1_rev": 998.07699,
  "R_DADA": 2.9255221,
  "R_DADK_rev": 0.30669494,
  "R_DCTPD": -0.0,
  "R_DDPA": 0.0,
  "R_DDPA_1": 0.23012577,
  "R_DGK1": 0.0,
  "R_DGNSK": 0.0,
  "R_DGUPP": 0.0,
  "R_DHAPT": 0.0,
  "R_DHQS": 0.23012577,
  "R_DHQS_2": 0.0,
  "R_DHQTi": 0.23012577,
  "R_DUTCP_rev": -1000.0,
  "R_DUTUP": 0.0,
  "R_DUUPP": 0.0,
  "R_DXPRIi": -0.0,
  "R_DXPS": 0.0,
  "R_ENO": 1.6158994,
  "R_FBA_rev": 1.0,
  "R_FBA3_rev": -1.0,
  "R_FBP": 0.0,
  "R_FMNRx2": 3.9255221,
  "R_G6PBDH": 0.0,
  "R_G6PDH2r_rev": 2.8476982,
  "R_G6PI_rev": 1000.0,
  "R_G6PI3_rev": 1000.0,
  "R_GAL6PI": -0.0,
  "R_GALKr_rev": 0.0,
  "R_GALM1_rev": -1000.0,
  "R_GALUi": 0.076987423,
  "R_GAPD": 1.6158994,
  "R_GK2_rev": -0.0,
  "R_GLCBPP": 0.0,
  "R_GLCE": 0.0,
  "R_GLUKA_1": 0.0,
  "R_GLYCK2": 0.53974846,
  "R_GND": 2.8476982,
  "R_GalMr_rev": -1000.0,
  "R_GalMr_2_rev": 1000.0,
  "R_HEX1": 0.0,
  "R_HEX1_1": 0.0,
  "R_HEX7": 0.0,
  "R_HPYRP": 0.53974846,
  "R_HPYRRx": 0.0,
  "R_HPYRRy": 0.53974846,
  "R_ID6P": 0.0,
  "R_IGPS": 0.23012577,
  "R_MECDPS": -0.0,
  "R_MEPCT": 0.0,
  "R_MEPCT_1": 0.0,
  "R_NDPK5_rev": 998.07699,
  "R_NDPK6_rev": -1000.0,
  "R_NDPK8_rev": 0.30669494,
  "R_NTD2": 1.0,
  "R_NTD4": 0.0,
  "R_NTD6": 2.9255221,
  "R_NTD9": 0.0,
  "R_NTP10": 0.0,
  "R_NTPP1": 0.0,
  "R_NTPP1_1": 0.0,
  "R_NTPP5": 3.232217,
  "R_NTPTP1": 1.0,
  "R_PFK": 0.0,
  "R_PFK_2": 0.0,
  "R_PFK_3": 0.0,
  "R_PFK_4": 0.0,
  "R_PGCD": 0.53974846,
  "R_PGCM_rev": -3.001673,
  "R_PGI_rev": -1000.0,
  "R_PGI1c_rev": -3.001673,
  "R_PGK_rev": -1.6158994,
  "R_PGL": 2.8476982,
  "R_PGM_rev": -1.0761509,
  "R_PGMT_rev": 2.9246856,
  "R_PRAIi": 0.23012577,
  "R_PRPPS": 0.23012577,
  "R_PSCVT": 0.23012577,
  "R_PUNP3": 0.0,
  "R_PUNP4_rev": 1.0,
  "R_PUNP6": 2.9255221,
  "R_PYK": 0.0,
  "R_PYK3": 0.0,
  "R_PYK5": 1.1556478,
  "R_RBK": 0.0,
  "R_RBK2": 2.0,
  "R_RNTR2_2": 1.0,
  "R_RNTR3_2": 0.0,
  "R_RNTR4_2": 0.0,
  "R_RPE_rev": 3.001673,
  "R_RPI_rev": 0.15397485,
  "R_SBP": 1.0,
  "R_SHK3Dr": 0.23012577,
  "R_SHKK": 0.23012577,
  "R_SPS": 0.0,
  "R_TALA_rev": 2.6158994,
  "R_TGBPA": 0.0,
  "R_TKT1_rev": 1.6158994,
  "R_TKT2_rev": 1.3857736,
  "R_TRE6PS": 0.076987423,
  "R_TRPAS2_rev": -0.23012577,
  "R_TRPS3": 0.23012577,
  "R_UCPP": 0.92301258,
  "R_UDPG4E": 0.0,
  "R_UGLT_rev": 0.0,
  "R_UMPK_rev": -1.0,
  "R_URIH": 1.0,
  "R_UT6PT": 0.0,
  "R_UTCY": 0.0,
  "R_XYLI2": 0.0,
  "R_r0191": 0.0,
  "R_r0280": 0.0,
  "R_output_BIOMASS": 1.3857736,
  "R_output_CDP": 0.0,
  "R_output_(2R)-3-phospho-glyceroylphosphate": 0.0,
  "R_output_guanine": 1.0,
  "R_output_alpha-D-ribose1-phosphate": 0.0,
  "R_output_2-deoxy-alpha-D-ribose1-phosphate": 3.9255221,
  "R_output_hypoxanthine": 2.9255221,
  "R_output_UDP": 0.0,
  "R_output_indole": 0.0,
  "R_output_UDP-alpha-D-galactose": 0.0,
  "R_input_AMP": -0.92552207,
  "R_input_ADP": -1.0,
  "R_input_ATP": -1.0,
  "R_input_GDP": 0.0,
  "R_input_GTP": -1.0,
  "R_input_NAD(+)": -1.0,
  "R_input_NADH": 1.0,
  "R_input_NADP(+)": -1.0,
  "R_input_NADPH": 1.0,
  "R_input_UTP": -1.0,
  "R_input_CTP": -1.0,
  "R_input_FMN": 0.0,
  "R_input_H2O": -10.083261,
  "R_input_NH4(+)": 1.3096227,
  "R_input_H(+)": 2.9953993,
  "R_input_phosphate": 0.84435216,
  "R_input_D-glucose": 0.0
}