{
  "R_LEUTA": 999.46904,
  "R_LEUTA_rev": -1000.0,
  "R_12PPDRDH": 0.0,
  "R_1P2CBXLCYCL": -0.0,
  "R_1P2CBXLR": -0.0,
  "R_4HTHRA_rev": 0.11198395,
  "R_4HTHRK": 0.0,
  "R_4HTHRS": 0.11198395,
  "R_5DOAN": -0.0,
  "R_ABTA": 0.0,
  "R_ABUTD": -0.0,
  "R_ACCOAL": 0.0,
  "R_ACGK": -0.0,
  "R_ACGS": 0.0,
  "R_ACHBS": 0.29814901,
  "R_ACLS": 0.88238683,
  "R_ACODA": 0.0,
  "R_ACONT": 1000.0,
  "R_ACONTa": -999.27243,
  "R_ACONTb": -999.27243,
  "R_ACOTA_rev": 0.0,
  "R_ADCL": -0.0,
  "R_ADCS": 0.0,
  "R_ADD": 0.0,
  "R_ADMDC": 0.0,
  "R_ADNUC": 0.0,
  "R_AGPR_rev": 0.0,
  "R_AHCYSNS": 0.0,
  "R_AICART_rev": 0.11241281,
  "R_AKGDH": 0.0,
  "R_ALATA_L_rev": 999.17536,
  "R_ALCD19": -987.6967,
  "R_ALCD19y": 987.6967,
  "R_ALDD3y": 0.0,
  "R_ALKP": 0.0,
  "R_ALR2": 0.0,
  "R_ALR4x": 0.0,
  "R_ANPRT": 0.075691439,
  "R_ANS": 0.075691439,
  "R_ASAD_rev": -0.92338186,
  "R_ASNS1": 0.0,
  "R_ASNS2": 0.19353022,
  "R_ASP1DC": 0.0,
  "R_ASPK": 0.92338186,
  "R_ASPTA_rev": -1.3712916,
  "R_ATHRDHr_rev": -0.0,
  "R_ATPHs": 1.5059527,
  "R_ATPPRT": 0.11241281,
  "R_CDPMEK": 1.0,
  "R_CHORM": 0.33347939,
  "R_CHORS": 0.40917083,
  "R_CS": 0.7275731,
  "R_CYSDSF": 0.0,
  "R_CYSS": 0.1981134,
  "R_CYSTL": 0.14043024,
  "R_CYTD": 1.0,
  "R_CYTDH": 0.0,
  "R_DAAD5": 0.0,
  "R_DAPDC": 0.21843378,
  "R_DAPE": 0.21843378,
  "R_DDPA": 0.40917083,
  "R_DHAD1": 0.88238683,
  "R_DHAD2": 0.29814901,
  "R_DHAK": 0.0,
  "R_DHAPT": 4.0707801,
  "R_DHDPRy": 0.21843378,
  "R_DHDPS": 0.21843378,
  "R_DHFR": 0.0,
  "R_DHFS": 0.0,
  "R_DHNPA2r": -0.0,
  "R_DHPS2": -0.0,
  "R_DHQS": 0.40917083,
  "R_DHQTi": 0.40917083,
  "R_DNMPPA": 0.0,
  "R_DNTPPA": 0.0,
  "R_DPR": 0.0,
  "R_DXPRIi": 1.0,
  "R_DXPS": 1.0,
  "R_E4PD_rev": 0.11198395,
  "R_EDA": -0.0,
  "R_EDD": 0.0,
  "R_ENO_rev": 7.9879864,
  "R_F6PA_rev": 4.0707801,
  "R_FBA_rev": -0.0,
  "R_FBA3": 0.55129319,
  "R_FBP": 0.0,
  "R_G1PACT": 0.0,
  "R_G3PD2_rev": 0.0,
  "R_G3PT": 0.0,
  "R_G5SADs": 0.22014921,
  "R_G5SD": 0.22014921,
  "R_G6PDH2r": 0.0,
  "R_GALUi": 0.0,
  "R_GAPD": 8.7255873,
  "R_GAPP": 0.0,
  "R_GARFT_rev": 0.0,
  "R_GART": 0.0,
  "R_GF6PTA": 0.0,
  "R_GHMT2r_rev": 0.25284304,
  "R_GLNS": 0.40879045,
  "R_GLU5K": 0.22014921,
  "R_GLUDC": 0.0,
  "R_GLUDxi_rev": -1000.0,
  "R_GLUDy_rev": 994.73348,
  "R_GLUPRT": 0.0,
  "R_GLXCL": 0.0,
  "R_GLYAT_rev": 0.0,
  "R_GLYCDx": 0.0,
  "R_GLYCK": 0.0,
  "R_GLYCK2": 0.0,
  "R_GLYCL": 0.0,
  "R_GLYK": 0.0,
  "R_GLYOX3": 0.0,
  "R_GMPR": 2.0,
  "R_GMPS": 0.0,
  "R_GMPS2": 0.0,
  "R_GND": 0.0,
  "R_GSNK": 0.0,
  "R_GTPCI": 0.0,
  "R_GTPHs": 0.0,
  "R_GUACYC": 2.0,
  "R_GUAPRT": 0.0,
  "R_HCYSMT": 0.0,
  "R_HEX1": 0.0,
  "R_HEX7": 3.2894199,
  "R_HISTD": 0.11241281,
  "R_HISTP": 0.11241281,
  "R_HPPK2": 0.0,
  "R_HPYRI_rev": 0.0,
  "R_HPYRP": 0.0,
  "R_HPYRRx": 0.0,
  "R_HPYRRy": 0.0,
  "R_HSDy_rev": -0.70494808,
  "R_HSK": 0.56451784,
  "R_HSST": 0.14043024,
  "R_HSTPT": 0.11241281,
  "R_ICDHyr": 0.7275731,
  "R_ICL": 0.0,
  "R_IG3PS": 0.11241281,
  "R_IGPDH": 0.11241281,
  "R_IGPS": 0.075691439,
  "R_ILETA_rev": -0.29814901,
  "R_IMPC": 2.058291,
  "R_IMPD": 0.0,
  "R_INSH": 0.0,
  "R_IPMD": 0.53095883,
  "R_IPPMIa_rev": -0.53095883,
  "R_IPPMIb_rev": -0.53095883,
  "R_IPPS": 0.53095883,
  "R_KARA1_rev": -0.88238683,
  "R_KARA2": 0.29814901,
  "R_LALDO2x": 0.0,
  "R_LDH_D": 0.0,
  "R_MCITD": 0.0,
  "R_MCITL2": -0.0,
  "R_MCITS": 0.0,
  "R_MECDPS": 1.0,
  "R_MEPCT": 1.0,
  "R_METAT": 0.0,
  "R_METS": 0.14043024,
  "R_MGSA": 0.0,
  "R_MICITDr": 0.0,
  "R_MOHMT": 0.0,
  "R_MTAN": 0.0,
  "R_MTHFC_rev": 0.11241281,
  "R_MTHFD_rev": 0.11241281,
  "R_MTHFR2": 0.14043024,
  "R_NACODA": 0.0,
  "R_NDP7": 0.0,
  "R_NTD10": 0.0,
  "R_NTD11": 1.4476617,
  "R_NTD2": 0.0,
  "R_NTD4": 1.0,
  "R_NTD9": 0.0,
  "R_NTPP11": 0.0,
  "R_NTPP2": 0.0,
  "R_NTPP9": 1.5059527,
  "R_NTPTP2": 0.0,
  "R_OBTFL": 0.0,
  "R_OHPBAT_rev": 0.11198395,
  "R_OMCDC": 0.53095883,
  "R_ORNDC": 0.0,
  "R_ORNR": 0.0,
  "R_P5CR": 0.22014921,
  "R_PANTS": 0.0,
  "R_PDE4": 2.0,
  "R_PDH": 1.4566453,
  "R_PERD_rev": 0.11198395,
  "R_PFK": 0.0,
  "R_PFK_3": 0.55129319,
  "R_PFL": 0.0,
  "R_PGAMT_rev": 0.0,
  "R_PGCD": 0.7376009,
  "R_PGI_rev": 0.0,
  "R_PGK_rev": -8.7255873,
  "R_PGL": 0.0,
  "R_PGM_rev": -7.9879864,
  "R_PGMT_rev": 0.0,
  "R_PHETA1_rev": -0.1931573,
  "R_PNTK": 0.0,
  "R_PPC": 2.0988646,
  "R_PPCSCT": 0.0,
  "R_PPDOy": 0.0,
  "R_PPM": 2.4476617,
  "R_PPNCL2": 0.0,
  "R_PPND": 0.14032209,
  "R_PPNDH": 0.1931573,
  "R_PPS": 0.0,
  "R_PRAGSr": 0.0,
  "R_PRAIi": 0.075691439,
  "R_PRAMPC": 0.11241281,
  "R_PRATPP": 0.11241281,
  "R_PRMICI": 0.11241281,
  "R_PRPPS": 0.18810425,
  "R_PSCVT": 0.40917083,
  "R_PSERT": 0.7376009,
  "R_PSP_L": 0.7376009,
  "R_PTRCTA": 0.0,
  "R_PUNP1_rev": -0.0,
  "R_PUNP3": 0.0,
  "R_PUNP5_rev": 1.4476617,
  "R_PYK3": 1.0,
  "R_PYNP2r": 1.0,
  "R_RBK": 0.0,
  "R_RPE_rev": 1.3326534,
  "R_RPI_rev": 1.3326534,
  "R_SDPDS": 0.21843378,
  "R_SDPTA_rev": -0.21843378,
  "R_SERAT": 0.1981134,
  "R_SHK3Dr": 0.40917083,
  "R_SHKK": 0.40917083,
  "R_SHSL1": 0.14043024,
  "R_SPMS": 0.0,
  "R_SSALx": 0.0,
  "R_SSALy": 0.0,
  "R_SUCOAS": 0.35886401,
  "R_TALA_rev": 0.37561089,
  "R_THDPS": 0.21843378,
  "R_THRA": 0.0,
  "R_THRA2": 0.0,
  "R_THRD": 0.0,
  "R_THRD_L": 0.29814901,
  "R_THRS": 0.56451784,
  "R_THZPSN": 0.0,
  "R_TKT1_rev": 0.92690408,
  "R_TKT2_rev": 0.4057493,
  "R_TPI_rev": 4.6220733,
  "R_TRE6PS": 0.0,
  "R_TRPAS2_rev": -0.075691439,
  "R_TRPS1": 0.0,
  "R_TRPS2": 0.0,
  "R_TRPS3": 0.075691439,
  "R_TRSARr": 0.0,
  "R_TYRL": 0.0,
  "R_TYRTA_rev": -0.14032209,
  "R_UAG2EMA": 0.0,
  "R_UAGDP": 0.0,
  "R_UMPK_rev": -0.0,
  "R_URIH": 0.0,
  "R_VALTA_rev": -1000.0,
  "R_VPAMTr_rev": -999.64857,
  "R_XTSNH": 0.0,
  "R_XYLI2": 3.2894199,
  "R_output_BIOMASS": 4.6852095,
  "R_output_4-methyl-2-oxopentanoate": 0.0,
  "R_output_glycolaldehyde": 0.11198395,
  "R_output_ADP": 0.0,
  "R_output_N-acetyl-L-glutamyl5-phosphate": 0.0,
  "R_output_(2S)-2-acetolactate": 0.0,
  "R_output_hypoxanthine": 1.4476617,
  "R_output_5-formamido-1-(5-phospho-D-ribosyl)imidazole-4-carboxamide": 2.1707038,
  "R_output_AMP": 0.0,
  "R_output_4-phospho-L-aspartate": 0.0,
  "R_output_(2S)-2-amino-3-oxobutanoate": 0.0,
  "R_output_sulfur": 0.0,
  "R_output_(S)-3-methyl-2-oxopentanoate": 0.0,
  "R_output_(2R)-3-phospho-glyceroylphosphate": 0.0,
  "R_output_N(2)-formyl-N(1)-(5-phospho-beta-D-ribosyl)glycinamide": 0.0,
  "R_output_alpha-D-glucosamine6-phosphate": 0.0,
  "R_output_(2S)-2-isopropylmalate": 0.0,
  "R_output_3-phenylpyruvate": 0.0,
  "R_output_3-(4-hydroxyphenyl)pyruvate": 0.0,
  "R_output_uracil": 1.0,
  "R_output_(S)-2-succinylamino-6-oxoheptanedioate": 0.0,
  "R_output_N-acetyl-D-mannosamine": 0.0,
  "R_input_AMP": 0.38163447,
  "R_input_ADP": -1.0,
  "R_input_ATP": -1.0,
  "R_input_GDP": -1.0,
  "R_input_GTP": -1.0,
  "R_input_NAD(+)": 0.40382503,
  "R_input_NADH": -0.40382503,
  "R_input_NADP(+)": -1.0,
  "R_input_NADPH": 1.0,
  "R_input_FAD": 0.0,
  "R_input_UTP": 0.0,
  "R_input_CTP": -1.0,
  "R_input_CoA": 0.0,
  "R_input_H2O": -0.73884831,
  "R_input_NH4(+)": -1.0,
  "R_input_H(+)": 3.1169717,
  "R_input_hydrogensulfide": -0.1981134,
  "R_input_phosphate": -1.5523383,
  "R_input_CO2": 3.4244531,
  "R_input_D-glucose": -3.2894199
}