{
  "R_LEUTA": 999.62681,
  "R_LEUTA_rev": -1000.0,
  "R_4HTHRA": -0.0,
  "R_4HTHRS": 0.0,
  "R_A6PAG": -0.0,
  "R_ACALD": 2.0,
  "R_ACGK": 0.11242899,
  "R_ACGS": 0.76695976,
  "R_ACHBS": 0.36302489,
  "R_ACLS": 0.63174165,
  "R_ACODA": 0.76695976,
  "R_ACONT": 1000.0,
  "R_ACONTa": -999.49652,
  "R_ACONTb": -999.49652,
  "R_ACOTA_rev": -0.11242899,
  "R_ADAPAT": 0.30390267,
  "R_ADCL": -0.0,
  "R_ADCS": 0.0,
  "R_ADK4": 1.3312243,
  "R_ADPDA": 1000.0,
  "R_AGPR_rev": -0.11242899,
  "R_AICART_rev": 0.071565908,
  "R_ALATA_L_rev": 999.49833,
  "R_ALCD19_rev": 1000.0,
  "R_ALCD19y_rev": -1000.0,
  "R_ALR2": 0.0,
  "R_ALR3": 0.0,
  "R_ANPRT": 0.028293693,
  "R_ANS": 0.0,
  "R_ANS2": 0.028293693,
  "R_ANTDR": 0.0,
  "R_APATi": 1000.0,
  "R_APTA1i": 0.0,
  "R_ARNO": 0.0,
  "R_AROAT": 0.0,
  "R_ASAD_rev": 999.12531,
  "R_ASAD_1": 1000.0,
  "R_ASNS1": 0.0,
  "R_ASNS2": 0.23136473,
  "R_ASPK": 0.87469117,
  "R_ASPTA_rev": -1.3399345,
  "R_ATPHs": 2.4674874,
  "R_ATPPRT": 0.071565908,
  "R_BGLA_rev": -0.0,
  "R_BGLK": 0.0,
  "R_CD6P": 1.0,
  "R_CDDTPP_rev": -0.0,
  "R_CDPMEK": 0.0,
  "R_CHORM": 0.35882671,
  "R_CHORS": 0.3871204,
  "R_CS": 0.50348361,
  "R_CSND": 1.0,
  "R_CT6PT": 0.0,
  "R_CYSS": 0.052464627,
  "R_CYSS_2": 0.0,
  "R_CYTD": 0.0,
  "R_CYTK1_rev": -1.0,
  "R_CYTK11_1_rev": -1.1732062,
  "R_CYTK2_rev": -0.0,
  "R_DAPDA": -999.6961,
  "R_DAPDC": 0.30390267,
  "R_DAPE": 0.30390267,
  "R_DATPHs": 0.0,
  "R_DCMPDA": 0.0,
  "R_DDPA": 0.3871204,
  "R_DGK1": 0.0,
  "R_DHAD1": 0.63174165,
  "R_DHAD2": 0.36302489,
  "R_DHAD3": 0.0,
  "R_DHDPRx_r": 0.0,
  "R_DHDPRy": 0.30390267,
  "R_DHDPS": 0.30390267,
  "R_DHFR": 0.17320617,
  "R_DHFS": 0.0,
  "R_DHNPA": -0.0,
  "R_DHQS": 0.3871204,
  "R_DHQTi": 0.3871204,
  "R_DNMPPA": 0.0,
  "R_DNTPPA": 0.0,
  "R_DRPA": 2.0,
  "R_DTMPK": 0.17320617,
  "R_DUTCP_rev": 0.17320617,
  "R_DUTPDP": 0.0,
  "R_DXPRIi": 0.0,
  "R_DXPS": 0.0,
  "R_E4PD": 0.0,
  "R_EDA": 1.1452385,
  "R_EDD": 1.1452385,
  "R_ENO_rev": 3.6176589,
  "R_F1PP": 0.0,
  "R_FBA_rev": 0.47713531,
  "R_FBA2_rev": 0.0,
  "R_FBA3_rev": 0.0,
  "R_FBP": 3.5025459,
  "R_FMNRx2": 2.1732062,
  "R_FOLD3": 0.0,
  "R_FRUK": 0.0,
  "R_FTHFLi": 0.0,
  "R_G3PD1ir": -1000.0,
  "R_G3PD2_rev": -1000.0,
  "R_G3PT": 0.0,
  "R_G5SADs": 0.11242899,
  "R_G5SD": 0.0,
  "R_G6PDH2r": 1.1452385,
  "R_G6PI_rev": 1000.0,
  "R_G6PI3_rev": 1000.0,
  "R_GAL6PI": -0.0,
  "R_GALKr_rev": 0.0,
  "R_GALM1_rev": -1000.0,
  "R_GALT_rev": 0.0,
  "R_GALUi": 0.0,
  "R_GAPD": 4.1697693,
  "R_GAPD_1": 0.0,
  "R_GARFT_rev": 0.0,
  "R_GART": 0.0,
  "R_GDH1_rev": -1000.0,
  "R_GHMT2r_rev": 0.24477208,
  "R_GLCE": 0.0,
  "R_GLNS_1": 0.20314227,
  "R_GLU5K": 0.0,
  "R_GLUDxi_rev": 1000.0,
  "R_GLUDy_rev": -4.3677116,
  "R_GLUKA_1": 0.0,
  "R_GLUPRT": 0.0,
  "R_GND": 0.0,
  "R_GTPCI": 0.0,
  "R_GalMr_rev": -1000.0,
  "R_GalMr_2_rev": 1000.0,
  "R_HEX1": 1.1513203,
  "R_HEX7": 0.0,
  "R_HISTD": 0.071565908,
  "R_HISTP": 0.071565908,
  "R_HISTP_1": 0.0,
  "R_HPPK": 0.0,
  "R_HSDxi": 0.0,
  "R_HSDy_rev": -0.5707885,
  "R_HSK": 0.5707885,
  "R_HSTPTr": 0.071565908,
  "R_HXPRT": 0.0,
  "R_ICDHx": -8.3115726,
  "R_ICDHyr": 8.8150562,
  "R_ID6P": 2.9796812,
  "R_IG3PS_1": 0.071565908,
  "R_IGPDH_1": 0.071565908,
  "R_IGPS": 0.028293693,
  "R_ILEDHr_rev": 0.0,
  "R_ILETA_rev": -1000.0,
  "R_ILETA2": -999.63698,
  "R_IMPC": -1.3877788e-17,
  "R_IPMD": 0.37318933,
  "R_IPPMIa_rev": -0.37318933,
  "R_IPPMIb_rev": -0.37318933,
  "R_IPPS": 0.37318933,
  "R_ITCY": 0.0,
  "R_KARA1_rev": -0.63174165,
  "R_KARA2": 0.36302489,
  "R_LCADi": 0.0,
  "R_LCARS_rev": 0.0,
  "R_LDH_D": 1000.0,
  "R_LDH_L": -1000.0,
  "R_LacR": 1000.0,
  "R_MECDPS": -0.0,
  "R_MEPCT": 0.0,
  "R_MGSA": 0.0,
  "R_MTHFC_rev": 0.071565908,
  "R_MTHFD_rev": 0.071565908,
  "R_MTHFR3": 0.0,
  "R_NADK3": 1.1732062,
  "R_NADK4": 0.0,
  "R_NDPK7_rev": 0.0,
  "R_NTD12": 0.0,
  "R_NTPP1": 0.0,
  "R_NTPP10": 0.0,
  "R_NTPP10_1": 0.0,
  "R_NTPP1_1": 0.0,
  "R_NTPP3": 0.0,
  "R_NTPP9": 0.0,
  "R_NTPP9_1": 0.0,
  "R_NTPTP1": 2.0,
  "R_OHPBAT": 0.0,
  "R_OMCDC": 0.37318933,
  "R_ORNTA_rev": 0.11242899,
  "R_ORNTAC": -0.65453077,
  "R_P5CR": 0.0,
  "R_P5CRx": 0.11242899,
  "R_PDH2": 0.0,
  "R_PERD": 0.0,
  "R_PFK": 0.0,
  "R_PFK_2": 0.0,
  "R_PFK_3": 0.0,
  "R_PFK_4": 0.0,
  "R_PFL": 0.0,
  "R_PGCD": 0.55211038,
  "R_PGI_rev": -999.99392,
  "R_PGI1c": -0.0,
  "R_PGK_rev": -4.1697693,
  "R_PGL": 1.1452385,
  "R_PGM_rev": -3.6176589,
  "R_PGMT_rev": -0.0,
  "R_PGMT_2": 0.0,
  "R_PGMT_B": 0.0,
  "R_PHETA1_rev": -0.17302601,
  "R_PKETX": 0.0,
  "R_PPDK": 0.0,
  "R_PPM": 1.0,
  "R_PPM2": 2.0,
  "R_PPND": 0.1858007,
  "R_PPNDH": 0.17302601,
  "R_PRAGSr": 0.0,
  "R_PRAIi": 0.028293693,
  "R_PRAMPC_1": 0.071565908,
  "R_PRATPP": 0.071565908,
  "R_PRMICI": 0.071565908,
  "R_PRPPS": 0.099859601,
  "R_PSCVT": 0.3871204,
  "R_PSERT": 0.55211038,
  "R_PSP_L": 0.55211038,
  "R_PUNP4": 1000.0,
  "R_PUNP4_1": -998.0,
  "R_PUNP5": 1000.0,
  "R_PUNP5_1": -1000.0,
  "R_PUNP6": 1000.0,
  "R_PUNP6_1": -1000.0,
  "R_PYK3": 1.0,
  "R_PYNP1_rev": -1000.0,
  "R_PYNP1_1": -999.0,
  "R_PYNP2r_rev": 0.0,
  "R_PYNP2r_1": 0.0,
  "R_RNTR2_2": 2.0,
  "R_RNTR3_2": 0.0,
  "R_RNTR4_2": 0.17320617,
  "R_RPE_rev": 0.47105346,
  "R_RPI_rev": 0.47105346,
  "R_SBP": 0.0,
  "R_SERAT": 0.052464627,
  "R_SHK3Dr": 0.3871204,
  "R_SHKK": 0.3871204,
  "R_SKDH_1": 0.0,
  "R_TALA_rev": 0.42908693,
  "R_TGBPA": 0.0,
  "R_THPAT": -999.6961,
  "R_THRA": 0.0,
  "R_THRD_L": 0.36302489,
  "R_THRS": 0.5707885,
  "R_THZPSN": 0.0,
  "R_TKT1_rev": 0.42908693,
  "R_TKT2_rev": 0.041966531,
  "R_TMDS": 0.17320617,
  "R_TPI_rev": 0.47713531,
  "R_TRPS1": 0.0,
  "R_TRPS2": 0.028293693,
  "R_TRPS3": 0.028293693,
  "R_TYRTA_rev": -0.1858007,
  "R_UDPG4E": -0.0,
  "R_URIDK2r": -0.17320617,
  "R_URIK3": 0.0,
  "R_URIK3_1": 0.0,
  "R_UT6PT": 0.0,
  "R_UUPP": 0.0,
  "R_VALTA_rev": -1000.0,
  "R_VPAMTr_rev": -999.74145,
  "R_r0191": 0.0,
  "R_ITPOXAL_rev": -1.8434181,
  "R_output_BIOMASS": 3.7007841,
  "R_output_4-methyl-2-oxopentanoate": 0.0,
  "R_output_glycolaldehyde": 0.0,
  "R_output_ADP": 0.0,
  "R_output_N-acetyl-L-glutamyl5-phosphate": 0.0,
  "R_output_CO2": 0.0,
  "R_output_(2S)-2-acetolactate": 0.0,
  "R_output_acetate": 1.1233271,
  "R_output_IDP": 2.4674874,
  "R_output_5-formamido-1-(5-phospho-D-ribosyl)imidazole-4-carboxamide": 0.071565908,
  "R_output_glycerol": 0.0,
  "R_output_(S)-propane-1,2-diol": 0.0,
  "R_output_diphosphate": 0.40279024,
  "R_output_CDP": 0.0,
  "R_output_dTDP": 0.17320617,
  "R_output_uracil": 1.0,
  "R_output_dGDP": 0.0,
  "R_output_(R)-3-methyl-2-oxovalericacid": 0.0,
  "R_output_dUDP": 0.0,
  "R_output_UDP-alpha-D-galactose": 0.0,
  "R_output_(2R)-3-phospho-glyceroylphosphate": 0.0,
  "R_output_N(2)-formyl-N(1)-(5-phospho-beta-D-ribosyl)glycinamide": 0.0,
  "R_output_(2S)-2-isopropylmalate": 0.0,
  "R_output_(6S)-5-methyl-5,6,7,8-tetrahydrofolate": 0.0,
  "R_output_3-phenylpyruvate": 0.0,
  "R_output_3-(4-hydroxyphenyl)pyruvate": 0.0,
  "R_output_guanine": 2.0,
  "R_input_AMP": -1.0,
  "R_input_ADP": -0.53905335,
  "R_input_ATP": -1.0,
  "R_input_GDP": -1.0,
  "R_input_GTP": -1.0,
  "R_input_NAD(+)": -0.17320617,
  "R_input_NADH": -1.0,
  "R_input_NADP(+)": 1.0991679,
  "R_input_NADPH": 0.074038296,
  "R_input_UTP": -0.17320617,
  "R_input_CTP": -1.0,
  "R_input_CoA": 0.0,
  "R_input_FMN": 0.0,
  "R_input_H2O": -0.25437714,
  "R_input_NH4(+)": -1.0,
  "R_input_H(+)": -997.97434,
  "R_input_hydrogensulfide": -0.052464627,
  "R_input_phosphate": 0.26598543,
  "R_input_CO2": 0.71904443,
  "R_input_D-glucose": -1.1513203
}